Date,S&P/TSX 60 Index
2011-11-30,695.49
2011-12-01,688.76
2011-12-02,686.44
2011-12-05,688.63
2011-12-06,684.84
2011-12-07,689.7
2011-12-08,678.17
2011-12-09,682.97
2011-12-12,675.55
2011-12-13,668.21
2011-12-14,656.92
2011-12-15,654.07
2011-12-16,660.04
2011-12-19,654.69
2011-12-20,664.17
2011-12-21,666.41
2011-12-22,675.41
2011-12-23,678.15
2011-12-28,666.89
2011-12-29,673.07
2011-12-30,680.87
2012-01-03,695.38
2012-01-04,696.04
2012-01-05,696.59
2012-01-06,693.72
2012-01-09,694.99
2012-01-10,699.59
2012-01-11,699.27
2012-01-12,701.26
2012-01-13,699.25
2012-01-16,699.93
2012-01-17,698.49
2012-01-18,703.72
2012-01-19,707.42
2012-01-20,708.23
2012-01-23,716.37
2012-01-24,708.09
2012-01-25,716.18
2012-01-26,710.77
2012-01-27,711.19
2012-01-30,709
2012-01-31,709.18
2012-02-01,712.57
2012-02-02,714.04
2012-02-03,716.41
2012-02-06,714.94
2012-02-07,712.39
2012-02-08,713.02
2012-02-09,710.66
2012-02-10,703.7
2012-02-13,704.32
2012-02-14,702.33
2012-02-15,702.71
2012-02-16,710.36
2012-02-17,708.37
2012-02-21,717.83
2012-02-22,722.83
2012-02-23,723.65
2012-02-24,723.36
2012-02-27,722.63
2012-02-28,725.21
2012-02-29,718.86
2012-03-01,724.34
2012-03-02,719.06
2012-03-05,712.92
2012-03-06,699.44
2012-03-07,700.75
2012-03-08,707.83
2012-03-09,709.58
2012-03-12,704.64
2012-03-13,711.76
2012-03-14,702.2
2012-03-15,707.66
2012-03-16,710.74
2012-03-19,710.51
2012-03-20,708.37
2012-03-21,708.89
2012-03-22,705.52
2012-03-23,711.19
2012-03-26,717.71
2012-03-27,714.36
2012-03-28,709.67
2012-03-29,704.92
2012-03-30,706.96
2012-04-02,714.73
2012-04-03,703.15
2012-04-04,694.97
2012-04-05,689.95
2012-04-09,685.67
2012-04-10,680.21
2012-04-11,684.93
2012-04-12,695.94
2012-04-13,685.32
2012-04-16,686.83
2012-04-17,693.16
2012-04-18,692.24
2012-04-19,694.13
2012-04-20,692.98
2012-04-23,683.66
2012-04-24,683.63
2012-04-25,690.23
2012-04-26,690.02
2012-04-27,695.93
2012-04-30,699.79
2012-05-01,701.27
2012-05-02,694.76
2012-05-03,681.79
2012-05-04,673.33
2012-05-07,673.34
2012-05-08,664.12
2012-05-09,661.79
2012-05-10,665.21
2012-05-11,663.63
2012-05-14,652.58
2012-05-15,645.06
2012-05-16,645.34
2012-05-17,644.44
2012-05-18,640.57
2012-05-22,651.32
2012-05-23,658.94
2012-05-24,658.62
2012-05-25,658.09
2012-05-28,657.08
2012-05-29,660.41
2012-05-30,650.68
2012-05-31,656.5
2012-06-01,647.18
2012-06-04,645.46
2012-06-05,654.36
2012-06-06,660.41
2012-06-07,659.63
2012-06-08,653.67
2012-06-11,648.45
2012-06-12,654.89
2012-06-13,655.68
2012-06-14,654.54
2012-06-15,658.58
2012-06-18,662.8
2012-06-19,674.67
2012-06-20,672.93
2012-06-21,652.48
2012-06-22,655.24
2012-06-25,650.3
2012-06-26,650.31
2012-06-27,654.15
2012-06-28,655.03
2012-06-29,663.62
2012-07-03,678.76
2012-07-04,682.23
2012-07-05,675.62
2012-07-06,666.45
2012-07-09,665.08
2012-07-10,658.02
2012-07-11,659.68
2012-07-12,652.98
2012-07-13,657.93
2012-07-16,658.17
2012-07-17,661.52
2012-07-18,662.03
2012-07-19,666.43
2012-07-20,663.4
2012-07-23,659.37
2012-07-24,654.91
2012-07-25,655.8
2012-07-26,664.07
2012-07-27,671.75
2012-07-30,670.68
2012-07-31,665.46
2012-08-01,663.08
2012-08-02,656.08
2012-08-03,665.53
2012-08-07,677.43
2012-08-08,671.77
2012-08-09,675.64
2012-08-10,678.67
2012-08-13,675.59
2012-08-14,677.29
2012-08-15,679.83
2012-08-16,687.44
2012-08-17,690.95
2012-08-20,690.31
2012-08-21,691.98
2012-08-22,691.88
2012-08-23,687.41
2012-08-24,689.09
2012-08-27,688.26
2012-08-28,686.3
2012-08-29,687.44
2012-08-30,681.18
2012-08-31,683.47
2012-09-04,682.79
2012-09-05,686.36
2012-09-06,694.5
2012-09-07,702.46
2012-09-10,699.79
2012-09-11,699.8
2012-09-12,700.39
2012-09-13,708.38
2012-09-14,716.07
2012-09-17,713.07
2012-09-18,711.16
2012-09-19,711.22
2012-09-20,709.17
2012-09-21,706.33
2012-09-24,703.3
2012-09-25,700.42
2012-09-26,699.58
2012-09-27,705.3
2012-09-28,702.87
2012-10-01,706.64
2012-10-02,707.8
2012-10-03,705.6
2012-10-04,711.12
2012-10-05,709.1
2012-10-09,700.88
2012-10-10,697.08
2012-10-11,698.5
2012-10-12,696.13
2012-10-15,698.5
2012-10-16,709.47
2012-10-17,712.28
2012-10-18,712.77
2012-10-19,710.53
2012-10-22,710.02
2012-10-23,698.51
2012-10-24,697.59
2012-10-25,704.14
2012-10-26,704.45
2012-10-29,705.66
2012-10-30,710.01
2012-10-31,711.58
2012-11-01,715.31
2012-11-02,708.35
2012-11-05,706.83
2012-11-06,708
2012-11-07,699.33
2012-11-08,696.72
2012-11-09,697.72
2012-11-12,697.91
2012-11-13,694.88
2012-11-14,681.9
2012-11-15,675.76
2012-11-16,679.49
2012-11-19,688.14
2012-11-20,689.62
2012-11-21,693.23
2012-11-22,696.72
2012-11-23,699.72
2012-11-26,699.43
2012-11-27,694.91
2012-11-28,697.03
2012-11-29,701.05
2012-11-30,702.59
2012-12-03,698.14
2012-12-04,696.84
2012-12-05,698.34
2012-12-06,697.3
2012-12-07,697.65
2012-12-10,701.37
2012-12-11,705.04
2012-12-12,708.17
2012-12-13,704.48
2012-12-14,704.46
2012-12-17,703.73
2012-12-18,707.52
2012-12-19,712.14
2012-12-20,711.58
2012-12-21,712.3
2012-12-24,711.05
2012-12-27,711.17
2012-12-28,706.94
2012-12-31,713.72
2013-01-02,718.62
2013-01-03,715.37
2013-01-04,719.27
2013-01-07,715.73
2013-01-08,716.3
2013-01-09,717.33
2013-01-10,722.2
2013-01-11,722.7
2013-01-14,723.12
2013-01-15,725.42
2013-01-16,723.23
2013-01-17,726.61
2013-01-18,730.27
2013-01-21,735.09
2013-01-22,736.78
2013-01-23,734.74
2013-01-24,737.36
2013-01-25,737.35
2013-01-28,738.25
2013-01-29,738.67
2013-01-30,735.13
2013-01-31,727.76
2013-02-01,732.52
2013-02-04,729.99
2013-02-05,731.3
2013-02-06,732.06
2013-02-07,731.32
2013-02-08,734.5
2013-02-11,731.79
2013-02-12,734.3
2013-02-13,733.63
2013-02-14,730.47
2013-02-15,728
2013-02-19,735.9
2013-02-20,731.15
2013-02-21,726.94
2013-02-22,730.15
2013-02-25,726.92
2013-02-26,728.34
2013-02-27,733.54
2013-02-28,738.55
2013-03-01,735.52
2013-03-04,731.75
2013-03-05,733.33
2013-03-06,738.44
2013-03-07,737.39
2013-03-08,737.89
2013-03-11,739.39
2013-03-12,740.67
2013-03-13,732.06
2013-03-14,735.93
2013-03-15,737.01
2013-03-18,733.63
2013-03-19,733.64
2013-03-20,737.56
2013-03-21,731.56
2013-03-22,732.79
2013-03-25,727.95
2013-03-26,729.85
2013-03-27,728.03
2013-03-28,731.34
2013-04-01,728.67
2013-04-02,728.96
2013-04-03,713.1
2013-04-04,708.66
2013-04-05,705.71
2013-04-08,706.38
2013-04-09,714.37
2013-04-10,718.01
2013-04-11,714.16
2013-04-12,706.02
2013-04-15,687.97
2013-04-16,694.72
2013-04-17,685.83
2013-04-18,687.76
2013-04-19,691.79
2013-04-22,692.69
2013-04-23,692
2013-04-24,702.13
2013-04-25,703.89
2013-04-26,697.28
2013-04-29,703.6
2013-04-30,710.71
2013-05-01,702.83
2013-05-02,706.78
2013-05-03,710.31
2013-05-06,711.74
2013-05-07,713.71
2013-05-08,721.33
2013-05-09,718.15
2013-05-10,721.05
2013-05-13,717.43
2013-05-14,721.19
2013-05-15,714.94
2013-05-16,716.41
2013-05-17,723.59
2013-05-21,731.31
2013-05-22,732.51
2013-05-23,726.23
2013-05-24,727.28
2013-05-27,728.16
2013-05-28,732.77
2013-05-29,732.55
2013-05-30,732.59
2013-05-31,726.27
2013-06-03,722.1
2013-06-04,721.71
2013-06-05,712.18
2013-06-06,709.61
2013-06-07,707.52
2013-06-10,708.83
2013-06-11,699.82
2013-06-12,694
2013-06-13,704.11
2013-06-14,697.73
2013-06-17,703.59
2013-06-18,709.33
2013-06-19,703.52
2013-06-20,686.88
2013-06-21,689.38
2013-06-24,681.09
2013-06-25,689.85
2013-06-26,686.91
2013-06-27,689.27
2013-06-28,695.52
2013-07-02,697.72
2013-07-03,695.75
2013-07-04,696.99
2013-07-05,694.42
2013-07-08,699.41
2013-07-09,705.87
2013-07-10,705.53
2013-07-11,716.16
2013-07-12,714.45
2013-07-15,718.78
2013-07-16,718
2013-07-17,722.14
2013-07-18,726.59
2013-07-19,729.73
2013-07-22,733.93
2013-07-23,732.13
2013-07-24,728.39
2013-07-25,728.53
2013-07-26,727.59
2013-07-29,729.2
2013-07-30,722.72
2013-07-31,714.68
2013-08-01,721.4
2013-08-02,723.01
2013-08-06,714.97
2013-08-07,710.67
2013-08-08,718.51
2013-08-09,717.53
2013-08-12,720.18
2013-08-13,723.74
2013-08-14,724.08
2013-08-15,728.29
2013-08-16,730.22
2013-08-19,722.31
2013-08-20,726.69
2013-08-21,721.45
2013-08-22,727.99
2013-08-23,732.95
2013-08-26,732.96
2013-08-27,722.99
2013-08-28,724.74
2013-08-29,731.21
2013-08-30,727.13
2013-09-03,733.8
2013-09-04,734.52
2013-09-05,740.39
2013-09-06,738.07
2013-09-09,739.98
2013-09-10,737.64
2013-09-11,737.18
2013-09-12,729.98
2013-09-13,730.95
2013-09-16,736.02
2013-09-17,737.61
2013-09-18,741.45
2013-09-19,740.92
2013-09-20,734.6
2013-09-23,735.23
2013-09-24,736.3
2013-09-25,735.51
2013-09-26,737
2013-09-27,736.52
2013-09-30,732.89
2013-10-01,736.88
2013-10-02,736.05
2013-10-03,730.19
2013-10-04,732.02
2013-10-07,733.83
2013-10-08,728.43
2013-10-09,731.2
2013-10-10,741.59
2013-10-11,741.33
2013-10-15,743.63
2013-10-16,744.82
2013-10-17,748.38
2013-10-18,754.4
2013-10-21,757.36
2013-10-22,760.16
2013-10-23,761.4
2013-10-24,765.9
2013-10-25,769.95
2013-10-28,768.27
2013-10-29,773.28
2013-10-30,774.04
2013-10-31,767.47
2013-11-01,766.99
2013-11-04,767.76
2013-11-05,768.65
2013-11-06,769.81
2013-11-07,765.45
2013-11-08,771.41
2013-11-11,769.41
2013-11-12,768.27
2013-11-13,771.35
2013-11-14,774.66
2013-11-15,777.29
2013-11-18,776.05
2013-11-19,775.15
2013-11-20,774.96
2013-11-21,777.51
2013-11-22,777.49
2013-11-25,777.31
2013-11-26,769.42
2013-11-27,770.34
2013-11-28,770.71
2013-11-29,771.86
2013-12-02,774.37
2013-12-03,767.53
2013-12-04,765.81
2013-12-05,758.95
2013-12-06,764.05
2013-12-09,766.47
2013-12-10,766.07
2013-12-11,754
2013-12-12,753.17
2013-12-13,752.92
2013-12-16,757.02
2013-12-17,756.18
2013-12-18,766.43
2013-12-19,770.21
2013-12-20,770.58
2013-12-23,773.99
2013-12-24,777.96
2013-12-27,782.71
2013-12-30,781.68
2013-12-31,783.75
2014-01-02,782.05
2014-01-03,778.75
2014-01-06,773.95
2014-01-07,780.11
2014-01-08,782.09
2014-01-09,784.01
2014-01-10,791.21
2014-01-13,787.47
2014-01-14,787.99
2014-01-15,792.52
2014-01-16,795.39
2014-01-17,798.62
2014-01-20,805.15
2014-01-21,802.16
2014-01-22,805.34
2014-01-23,801.83
2014-01-24,788.15
2014-01-27,780.7
2014-01-28,786.23
2014-01-29,783.31
2014-01-30,788.69
2014-01-31,785.53
2014-02-03,774.29
2014-02-04,773.98
2014-02-05,776.76
2014-02-06,786.09
2014-02-07,790.13
2014-02-10,791.18
2014-02-11,795.47
2014-02-12,797.47
2014-02-13,802.68
2014-02-14,805.46
2014-02-18,806.88
2014-02-19,810.71
2014-02-20,815.49
2014-02-21,815.03
2014-02-24,815.82
2014-02-25,814.23
2014-02-26,814.47
2014-02-27,815.73
2014-02-28,813.25
2014-03-03,814.29
2014-03-04,818.56
2014-03-05,819.14
2014-03-06,816.48
2014-03-07,818.55
2014-03-10,819.7
2014-03-11,818.13
2014-03-12,822.45
2014-03-13,816.3
2014-03-14,815.04
2014-03-17,816.07
2014-03-18,824.29
2014-03-19,821.92
2014-03-20,824.07
2014-03-21,822.21
2014-03-24,819.33
2014-03-25,819.85
2014-03-26,812.62
2014-03-27,811.65
2014-03-28,816.54
2014-03-31,820.51
2014-04-01,823.59
2014-04-02,826.92
2014-04-03,822.84
2014-04-04,821.15
2014-04-07,814.59
2014-04-08,820.47
2014-04-09,823.7
2014-04-10,816.03
2014-04-11,813.29
2014-04-14,814.44
2014-04-15,816.53
2014-04-16,824.41
2014-04-17,827.32
2014-04-21,826.86
2014-04-22,831.1
2014-04-23,829.28
2014-04-24,830.94
2014-04-25,829.46
2014-04-28,830.17
2014-04-29,832.67
2014-04-30,837.58
2014-05-01,837.86
2014-05-02,842.81
2014-05-05,838.3
2014-05-06,833.02
2014-05-07,835.82
2014-05-08,830.71
2014-05-09,830.65
2014-05-12,837.67
2014-05-13,839.49
2014-05-14,839.11
2014-05-15,834.03
2014-05-16,830.29
2014-05-20,832.13
2014-05-21,839.65
2014-05-22,842.49
2014-05-23,842.74
2014-05-26,842.87
2014-05-27,840
2014-05-28,836.73
2014-05-29,835.15
2014-05-30,836.6
2014-06-02,840.8
2014-06-03,843.83
2014-06-04,846.91
2014-06-05,845.74
2014-06-06,848.2
2014-06-09,850.02
2014-06-10,851.98
2014-06-11,850.37
2014-06-12,851.1
2014-06-13,856.6
2014-06-16,858.81
2014-06-17,859.71
2014-06-18,862.94
2014-06-19,862.72
2014-06-20,863.41
2014-06-23,863.72
2014-06-24,855.27
2014-06-25,856.34
2014-06-26,859.92
2014-06-27,864.23
2014-06-30,866.04
2014-07-02,869.64
2014-07-03,869.06
2014-07-04,869.81
2014-07-07,868.93
2014-07-08,868.07
2014-07-09,872.09
2014-07-10,866.82
2014-07-11,868.09
2014-07-14,871.7
2014-07-15,867.71
2014-07-16,876.26
2014-07-17,875.05
2014-07-18,879.21
2014-07-21,878.57
2014-07-22,881.88
2014-07-23,886.17
2014-07-24,886.61
2014-07-25,890.67
2014-07-28,890.53
2014-07-29,890.56
2014-07-30,896.57
2014-07-31,884.33
2014-08-01,876.34
2014-08-05,875.5
2014-08-06,874.86
2014-08-07,868.8
2014-08-08,873.12
2014-08-11,876.95
2014-08-12,877.97
2014-08-13,876.6
2014-08-14,879.7
2014-08-15,880.09
2014-08-18,881.43
2014-08-19,889.5
2014-08-20,894.78
2014-08-21,894.14
2014-08-22,892.71
2014-08-25,897.41
2014-08-26,897.61
2014-08-27,897.03
2014-08-28,894.54
2014-08-29,898.26
2014-09-02,898.67
2014-09-03,900.98
2014-09-04,896.67
2014-09-05,896.24
2014-09-08,893.99
2014-09-09,896.32
2014-09-10,892.61
2014-09-11,896.61
2014-09-12,896.82
2014-09-15,894.36
2014-09-16,897.11
2014-09-17,894.77
2014-09-18,895.26
2014-09-19,882.87
2014-09-22,876.76
2014-09-23,876.42
2014-09-24,874.34
2014-09-25,860.56
2014-09-26,869.19
2014-09-29,864.56
2014-09-30,864.24
2014-10-01,855.55
2014-10-02,853.77
2014-10-03,855.55
2014-10-06,852.54
2014-10-07,841.67
2014-10-08,847.21
2014-10-09,836.4
2014-10-10,822.93
2014-10-14,811.8
2014-10-15,801.8
2014-10-16,811.37
2014-10-17,821.99
2014-10-20,828.02
2014-10-21,839.87
2014-10-22,827.44
2014-10-23,838.4
2014-10-24,842.17
2014-10-27,839.73
2014-10-28,848.69
2014-10-29,842.3
2014-10-30,839.81
2014-10-31,849.5
2014-11-03,843.71
2014-11-04,836.94
2014-11-05,845.99
2014-11-06,846.42
2014-11-07,852.05
2014-11-10,855.11
2014-11-11,857.61
2014-11-12,863.67
2014-11-13,860.42
2014-11-14,863.07
2014-11-17,864.61
2014-11-18,870.51
2014-11-19,872.26
2014-11-20,877.39
2014-11-21,878.69
2014-11-24,874.35
2014-11-25,877.45
2014-11-26,876.69
2014-11-27,872.89
2014-11-28,863.04
2014-12-01,857.42
2014-12-02,856.87
2014-12-03,863.87
2014-12-04,847.09
2014-12-05,846.16
2014-12-08,828.11
2014-12-09,830.75
2014-12-10,810.67
2014-12-11,814
2014-12-12,802.96
2014-12-15,801.44
2014-12-16,810.99
2014-12-17,831.24
2014-12-18,838.04
2014-12-19,843.49
2014-12-22,844.46
2014-12-23,853.54
2014-12-24,853.71
2014-12-29,857.68
2014-12-30,855.84
2014-12-31,854.85
2015-01-02,861.23
2015-01-05,838.62
2015-01-06,831.13
2015-01-07,833.2
2015-01-08,845.47
2015-01-09,839.41
2015-01-12,833.74
2015-01-13,828.4
2015-01-14,821.63
2015-01-15,818.46
2015-01-16,834.29
2015-01-19,833.76
2015-01-20,834.84
2015-01-21,851.52
2015-01-22,864.46
2015-01-23,864.34
2015-01-26,865.18
2015-01-27,866.62
2015-01-28,854.8
2015-01-29,857.86
2015-01-30,857.34
2015-02-02,871.39
2015-02-03,878.97
2015-02-04,875.75
2015-02-05,883.1
2015-02-06,881.48
2015-02-09,880.77
2015-02-10,883.35
2015-02-11,886.16
2015-02-12,889.67
2015-02-13,890.22
2015-02-17,891.3
2015-02-18,886.47
2015-02-19,884.95
2015-02-20,885.06
2015-02-23,888.35
2015-02-24,886.38
2015-02-25,889.54
2015-02-26,891.41
2015-02-27,890.4
2015-03-02,892.57
2015-03-03,883.53
2015-03-04,880.39
2015-03-05,882.78
2015-03-06,874.51
2015-03-09,869.01
2015-03-10,856.39
2015-03-11,861.62
2015-03-12,863.86
2015-03-13,862.71
2015-03-16,871.7
2015-03-17,872.54
2015-03-18,874.74
2015-03-19,869.75
2015-03-20,872.81
2015-03-23,872.35
2015-03-24,880.3
2015-03-25,869.59
2015-03-26,865.38
2015-03-27,861.6
2015-03-30,869.44
2015-03-31,869.28
2015-04-01,870.76
2015-04-02,876.3
2015-04-06,877.9
2015-04-07,883.85
2015-04-08,886.77
2015-04-09,894.65
2015-04-10,898.35
2015-04-13,898.21
2015-04-14,898.07
2015-04-15,900.9
2015-04-16,896.6
2015-04-17,894.96
2015-04-20,899.33
2015-04-21,895.81
2015-04-22,894.22
2015-04-23,899.38
2015-04-24,900.22
2015-04-27,895.7
2015-04-28,895.88
2015-04-29,895.51
2015-04-30,886.56
2015-05-01,894.57
2015-05-04,895.49
2015-05-05,883.58
2015-05-06,875.06
2015-05-07,879.78
2015-05-08,884.09
2015-05-11,884.36
2015-05-12,876.65
2015-05-13,871.82
2015-05-14,874.82
2015-05-15,879.18
2015-05-19,881.16
2015-05-20,877.15
2015-05-21,886.91
2015-05-22,886.96
2015-05-25,886.11
2015-05-26,878.59
2015-05-27,882.7
2015-05-28,882.38
2015-05-29,875.04
2015-06-01,878.2
2015-06-02,879.51
2015-06-03,883.7
2015-06-04,876.16
2015-06-05,872.21
2015-06-08,858.47
2015-06-09,863.51
2015-06-10,866.62
2015-06-11,863.83
2015-06-12,857.66
2015-06-15,859.33
2015-06-16,859.13
2015-06-17,857.49
2015-06-18,859.52
2015-06-19,852.36
2015-06-22,860.85
2015-06-23,868.28
2015-06-24,870.95
2015-06-25,867.96
2015-06-26,863.45
2015-06-29,844.33
2015-06-30,847.78
2015-07-02,853.19
2015-07-03,856.61
2015-07-06,851.82
2015-07-07,854.28
2015-07-08,841.9
2015-07-09,834.13
2015-07-10,842.74
2015-07-13,850.07
2015-07-14,852.7
2015-07-15,858.58
2015-07-16,863.48
2015-07-17,858.94
2015-07-20,847.63
2015-07-21,843.52
2015-07-22,840.23
2015-07-23,839.66
2015-07-24,835.31
2015-07-27,826.62
2015-07-28,829.95
2015-07-29,842.15
2015-07-30,848.03
2015-07-31,853.4
2015-08-04,855.47
2015-08-05,857.68
2015-08-06,851.25
2015-08-07,845.83
2015-08-10,853.85
2015-08-11,850.3
2015-08-12,844.43
2015-08-13,839.42
2015-08-14,842.16
2015-08-17,840.63
2015-08-18,837.14
2015-08-19,828.34
2015-08-20,808.93
2015-08-21,794.65
2015-08-24,770.29
2015-08-25,775.54
2015-08-26,789.87
2015-08-27,813.18
2015-08-28,817.04
2015-08-31,815.45
2015-09-01,792.19
2015-09-02,797.17
2015-09-03,800.03
2015-09-04,792.56
2015-09-08,802.41
2015-09-09,797.69
2015-09-10,799.99
2015-09-11,793.2
2015-09-14,787.19
2015-09-15,793.57
2015-09-16,811.31
2015-09-17,812.13
2015-09-18,803.73
2015-09-21,811.47
2015-09-22,792.44
2015-09-23,786.03
2015-09-24,783.83
2015-09-25,786.39
2015-09-28,763.96
2015-09-29,767
2015-09-30,784.51
2015-10-01,780.41
2015-10-02,784.44
2015-10-05,794.23
2015-10-06,800.12
2015-10-07,813.55
2015-10-08,819.87
2015-10-09,818.49
2015-10-13,811.43
2015-10-14,813.85
2015-10-15,810.83
2015-10-16,813.6
2015-10-19,808.77
2015-10-20,813.35
2015-10-21,805.26
2015-10-22,815.05
2015-10-23,819.92
2015-10-26,811.87
2015-10-27,808.2
2015-10-28,818.46
2015-10-29,814.1
2015-10-30,794.49
2015-11-02,800.44
2015-11-03,804.91
2015-11-04,802.92
2015-11-05,794.97
2015-11-06,795.18
2015-11-09,790.83
2015-11-10,787.1
2015-11-11,783.43
2015-11-12,770.61
2015-11-13,766.76
2015-11-16,781.26
2015-11-17,779.4
2015-11-18,787
2015-11-19,792.68
2015-11-20,790.68
2015-11-23,786.53
2015-11-24,787.64
2015-11-25,787.12
2015-11-26,788.64
2015-11-27,784.52
2015-11-30,791.8
2015-12-01,802.96
2015-12-02,792.93
2015-12-03,784.38
2015-12-04,786.74
2015-12-07,768.54
2015-12-08,760.81
2015-12-09,762.8
2015-12-10,766.76
2015-12-11,753.11
2015-12-14,749.53
2015-12-15,763.55
2015-12-16,778.34
2015-12-17,767.25
2015-12-18,767.24
2015-12-21,767.97
2015-12-22,771.08
2015-12-23,783.07
2015-12-24,784.16
2015-12-29,779.82
2015-12-30,773.5
2015-12-31,764.54
2016-01-04,758.36
2016-01-05,758
2016-01-06,746.31
2016-01-07,730.36
2016-01-08,729.86
2016-01-11,723.44
2016-01-12,728.17
2016-01-13,715.21
2016-01-14,726.1
2016-01-15,709.12
2016-01-18,703.69
2016-01-19,706.58
2016-01-20,695.03
2016-01-21,706.83
2016-01-22,727.8
2016-01-25,713.28
2016-01-26,724.15
2016-01-27,727.4
2016-01-28,741.32
2016-01-29,754.85
2016-02-01,745.53
2016-02-02,731.7
2016-02-03,740.22
2016-02-04,752.18
2016-02-05,752.04
2016-02-08,738.81
2016-02-09,723.8
2016-02-10,716.97
2016-02-11,710.42
2016-02-12,729.46
2016-02-16,739.68
2016-02-17,757.82
2016-02-18,761.59
2016-02-19,753.54
2016-02-22,754.45
2016-02-23,750.69
2016-02-24,747.86
2016-02-25,748.98
2016-02-26,751.93
2016-02-29,755.27
2016-03-01,762.53
2016-03-02,762.9
2016-03-03,768.14
2016-03-04,772.63
2016-03-07,783.08
2016-03-08,780.82
2016-03-09,786.21
2016-03-10,784.84
2016-03-11,794.08
2016-03-14,792.41
2016-03-15,788.23
2016-03-16,791.45
2016-03-17,799.49
2016-03-18,791.35
2016-03-21,795.43
2016-03-22,790.99
2016-03-23,785.65
2016-03-24,784.45
2016-03-28,786.78
2016-03-29,787.72
2016-03-30,792.46
2016-03-31,790.93
2016-04-01,787.45
2016-04-04,781.39
2016-04-05,779.1
2016-04-06,781.45
2016-04-07,776.51
2016-04-08,784.58
2016-04-11,785
2016-04-12,795.38
2016-04-13,800.78
2016-04-14,801.45
2016-04-15,798.94
2016-04-18,803.22
2016-04-19,811.92
2016-04-20,815.29
2016-04-21,812.74
2016-04-22,812.27
2016-04-25,807.82
2016-04-26,808.17
2016-04-27,812.03
2016-04-28,811.78
2016-04-29,815.46
2016-05-02,810.21
2016-05-03,801.69
2016-05-04,796.95
2016-05-05,795.84
2016-05-06,799.03
2016-05-09,790.85
2016-05-10,804.03
2016-05-11,803.54
2016-05-12,803.35
2016-05-13,801.16
2016-05-16,809.75
2016-05-17,811.23
2016-05-18,807.61
2016-05-19,805.86
2016-05-20,812.64
2016-05-24,815.58
2016-05-25,821.33
2016-05-26,821.38
2016-05-27,824.87
2016-05-30,823.92
2016-05-31,821.06
2016-06-01,821
2016-06-02,825.94
2016-06-03,830.37
2016-06-06,832.81
2016-06-07,838.27
2016-06-08,833.54
2016-06-09,828.62
2016-06-10,816.76
2016-06-13,814.71
2016-06-14,808.05
2016-06-15,809.57
2016-06-16,807.93
2016-06-17,809.88
2016-06-20,814.92
2016-06-21,815.7
2016-06-22,815.7
2016-06-23,824.18
2016-06-24,808.55
2016-06-27,796.31
2016-06-28,805.84
2016-06-29,816.56
2016-06-30,817.65
2016-07-04,829.1
2016-07-05,826.56
2016-07-06,826.29
2016-07-07,820.76
2016-07-08,827.27
2016-07-11,834.08
2016-07-12,841.86
2016-07-13,843.1
2016-07-14,844.8
2016-07-15,843.73
2016-07-18,846.53
2016-07-19,846.03
2016-07-20,847.36
2016-07-21,848.02
2016-07-22,850.34
2016-07-25,844.49
2016-07-26,847.45
2016-07-27,846.4
2016-07-28,846.88
2016-07-29,847.4
2016-08-02,840.22
2016-08-03,843.09
2016-08-04,841.99
2016-08-05,850.09
2016-08-08,856.47
2016-08-09,860.74
2016-08-10,858.88
2016-08-11,860.59
2016-08-12,857.5
2016-08-15,859.01
2016-08-16,854.28
2016-08-17,854.36
2016-08-18,853.61
2016-08-19,853.72
2016-08-22,858.27
2016-08-23,860.07
2016-08-24,852.91
2016-08-25,852.65
2016-08-26,853.2
2016-08-29,856.3
2016-08-30,857.5
2016-08-31,851.38
2016-09-01,855.6
2016-09-02,861.56
2016-09-06,861.12
2016-09-07,860.57
2016-09-08,860.3
2016-09-09,846.51
2016-09-12,849.64
2016-09-13,834.71
2016-09-14,835.9
2016-09-15,845.4
2016-09-16,843.08
2016-09-19,844.78
2016-09-20,845.81
2016-09-21,856.01
2016-09-22,860.96
2016-09-23,856.02
2016-09-26,851.45
2016-09-27,848.54
2016-09-28,858.46
2016-09-29,860.04
2016-09-30,858.47
2016-10-03,856.31
2016-10-04,848.63
2016-10-05,853.7
2016-10-06,853
2016-10-07,851
2016-10-11,851.07
2016-10-12,854.32
2016-10-13,856.02
2016-10-14,852.14
2016-10-17,852.52
2016-10-18,861.79
2016-10-19,866.77
2016-10-20,867.12
2016-10-21,872.69
2016-10-24,872.75
2016-10-25,869.73
2016-10-26,868.35
2016-10-27,871.7
2016-10-28,868.61
2016-10-31,868.38
2016-11-01,867.29
2016-11-02,857.55
2016-11-03,856.45
2016-11-04,851.86
2016-11-07,861.32
2016-11-08,862.06
2016-11-09,868.25
2016-11-10,869.09
2016-11-11,858.9
2016-11-14,861.38
2016-11-15,870
2016-11-16,869.41
2016-11-17,875.91
2016-11-18,878.27
2016-11-21,888.35
2016-11-22,891.13
2016-11-23,890.54
2016-11-24,890.08
2016-11-25,891.18
2016-11-28,886.55
2016-11-29,885.59
2016-11-30,888.3
2016-12-01,884.28
2016-12-02,885.84
2016-12-05,887.94
2016-12-06,890.52
2016-12-07,897.88
2016-12-08,901.21
2016-12-09,902.92
2016-12-12,901.35
2016-12-13,907.71
2016-12-14,897.14
2016-12-15,900.44
2016-12-16,902.24
2016-12-19,903.45
2016-12-20,904.24
2016-12-21,903.97
2016-12-22,906.68
2016-12-23,905.69
2016-12-28,906.78
2016-12-29,908.74
2016-12-30,900.05
2017-01-03,907.58
2017-01-04,914.42
2017-01-05,917.93
2017-01-06,913.69
2017-01-09,907.9
2017-01-10,910.06
2017-01-11,915.21
2017-01-12,911.4
2017-01-13,916.37
2017-01-16,915.33
2017-01-17,912.52
2017-01-18,910.85
2017-01-19,911.75
2017-01-20,921.12
2017-01-23,916.79
2017-01-24,924.13
2017-01-25,924.85
2017-01-26,923.5
2017-01-27,920.6
2017-01-30,911.24
2017-01-31,909.19
2017-02-01,909.15
2017-02-02,908.52
2017-02-03,913.38
2017-02-06,911.1
2017-02-07,914.36
2017-02-08,917.19
2017-02-09,921.55
2017-02-10,927.38
2017-02-13,929.68
2017-02-14,931.38
2017-02-15,934.69
2017-02-16,935.33
2017-02-17,934.58
2017-02-21,939.38
2017-02-22,933.96
2017-02-23,930.08
2017-02-24,914.95
2017-02-27,912.41
2017-02-28,907.57
2017-03-01,918.67
2017-03-02,917.35
2017-03-03,921.79
2017-03-06,924.7
2017-03-07,923.78
2017-03-08,917.53
2017-03-09,918.35
2017-03-10,916.7
2017-03-13,918.32
2017-03-14,908.56
2017-03-15,914.82
2017-03-16,917.93
2017-03-17,913.74
2017-03-20,909.9
2017-03-21,902.07
2017-03-22,905.16
2017-03-23,910.28
2017-03-24,910.73
2017-03-27,914.34
2017-03-28,920.39
2017-03-29,923.24
2017-03-30,918.18
2017-03-31,915.58
2017-04-03,918.21
2017-04-04,922.92
2017-04-05,921.55
2017-04-06,925.09
2017-04-07,923.12
2017-04-10,926.53
2017-04-11,925.19
2017-04-12,920.27
2017-04-13,913.81
2017-04-17,924.03
2017-04-18,919.27
2017-04-19,915.54
2017-04-20,921.16
2017-04-21,920.26
2017-04-24,928.3
2017-04-25,930.54
2017-04-26,924.79
2017-04-27,914.34
2017-04-28,918.9
2017-05-01,917.55
2017-05-02,920.63
2017-05-03,916.77
2017-05-04,909.21
2017-05-05,920.6
2017-05-08,924.84
2017-05-09,919.65
2017-05-10,922.74
2017-05-11,917.21
2017-05-12,917.02
2017-05-15,922.56
2017-05-16,915.88
2017-05-17,898.89
2017-05-18,900.21
2017-05-19,910.58
2017-05-23,912.45
2017-05-24,908.33
2017-05-25,908.75
2017-05-26,909.27
2017-05-29,909.58
2017-05-30,907.53
2017-05-31,906.38
2017-06-01,913
2017-06-02,911.21
2017-06-05,909.08
2017-06-06,911
2017-06-07,905.22
2017-06-08,908.58
2017-06-09,912.52
2017-06-12,905.96
2017-06-13,904.86
2017-06-14,893.04
2017-06-15,893.88
2017-06-16,896.14
2017-06-19,900.27
2017-06-20,892.84
2017-06-21,892.83
2017-06-22,896.37
2017-06-23,901.46
2017-06-26,901.88
2017-06-27,900.37
2017-06-28,904.32
2017-06-29,895.85
2017-06-30,892.65
2017-07-04,890.09
2017-07-05,892.43
2017-07-06,889.04
2017-07-07,886.36
2017-07-10,890.44
2017-07-11,892.96
2017-07-12,892.18
2017-07-13,892.31
2017-07-14,894.79
2017-07-17,894.08
2017-07-18,893.04
2017-07-19,898.57
2017-07-20,900.84
2017-07-21,895.9
2017-07-24,892.07
2017-07-25,895.82
2017-07-26,892.41
2017-07-27,894.12
2017-07-28,889.43
2017-07-31,891.19
2017-08-01,894.49
2017-08-02,899.89
2017-08-03,896.47
2017-08-04,900.63
2017-08-08,900.8
2017-08-09,898.31
2017-08-10,889.51
2017-08-11,886.38
2017-08-14,892.97
2017-08-15,891.31
2017-08-16,889.1
2017-08-17,886.25
2017-08-18,881.09
2017-08-21,881.02
2017-08-22,882.74
2017-08-23,887.38
2017-08-24,887.75
2017-08-25,886.34
2017-08-28,885.38
2017-08-29,886.72
2017-08-30,888.98
2017-08-31,892.56
2017-09-01,891.24
2017-09-05,884.07
2017-09-06,882.71
2017-09-07,880.15
2017-09-08,879.31
2017-09-11,883.26
2017-09-12,889.27
2017-09-13,887.92
2017-09-14,890.39
2017-09-15,890.96
2017-09-18,895.28
2017-09-19,898.99
2017-09-20,904.89
2017-09-21,909.29
2017-09-22,908.48
2017-09-25,912.37
2017-09-26,909.98
2017-09-27,919.6
2017-09-28,919.89
2017-09-29,921.79
2017-10-02,925.59
2017-10-03,927.38
2017-10-04,927.27
2017-10-05,930.28
2017-10-06,926.97
2017-10-10,930.04
2017-10-11,931.53
2017-10-12,928.03
2017-10-13,932.36
2017-10-16,932.28
2017-10-17,933.98
2017-10-18,931.94
2017-10-19,934.93
2017-10-20,937.03
2017-10-23,937.01
2017-10-24,940.56
2017-10-25,938.04
2017-10-26,940.48
2017-10-27,943.78
2017-10-30,945.71
2017-10-31,947.17
2017-11-01,946.72
2017-11-02,946.16
2017-11-03,946.81
2017-11-06,950.15
2017-11-07,953.35
2017-11-08,951.86
2017-11-09,951.03
2017-11-10,949.22
2017-11-13,949.28
2017-11-14,943.28
2017-11-15,941.71
2017-11-16,944.77
2017-11-17,947.86
2017-11-20,948.84
2017-11-21,952.98
2017-11-22,952.14
2017-11-23,951.94
2017-11-24,954.14
2017-11-27,950.63
2017-11-28,950.21
2017-11-29,947.14
2017-11-30,952.05
2017-12-01,951.76
2017-12-04,948.01
2017-12-05,945.32
2017-12-06,946.55
2017-12-07,954.24
2017-12-08,958.44
2017-12-11,958.24
2017-12-12,959.2
2017-12-13,959.73
2017-12-14,951.45
2017-12-15,953.69
2017-12-18,958.65
2017-12-19,958.2
2017-12-20,958.87
2017-12-21,960.53
2017-12-22,958.79
2017-12-27,959.92
2017-12-28,960.61
2017-12-29,959.7
2018-01-02,965.28
2018-01-03,970.17
2018-01-04,974.34
2018-01-05,970.65
2018-01-08,968.16
2018-01-09,968.79
2018-01-10,963.7
2018-01-11,966.66
2018-01-12,967.37
2018-01-15,969.96
2018-01-16,966.22
2018-01-17,967.63
2018-01-18,966.08
2018-01-19,969.6
2018-01-22,968.64
2018-01-23,968.24
2018-01-24,962.81
2018-01-25,958.04
2018-01-26,959.77
2018-01-29,952.05
2018-01-30,945.33
2018-01-31,944.41
2018-02-01,939.2
2018-02-02,924.84
2018-02-05,906.7
2018-02-06,908.72
2018-02-07,906.87
2018-02-08,890.13
2018-02-09,889.2
2018-02-12,900.68
2018-02-13,899.64
2018-02-14,905.13
2018-02-15,909.86
2018-02-16,913.02
2018-02-20,911.85
2018-02-21,918.59
2018-02-22,917.93
2018-02-23,926.42
2018-02-26,930.98
2018-02-27,929.09
2018-02-28,913.9
2018-03-01,910.96
2018-03-02,909.67
2018-03-05,919.77
2018-03-06,919.37
2018-03-07,915.69
2018-03-08,919.12
2018-03-09,921.64
2018-03-12,923.47
2018-03-13,926.65
2018-03-14,927.55
2018-03-15,929
2018-03-16,931.38
2018-03-19,922.97
2018-03-20,923.47
2018-03-21,926.29
2018-03-22,908.96
2018-03-23,897.35
2018-03-26,903.1
2018-03-27,899.25
2018-03-28,897.17
2018-03-29,908.99
2018-04-02,899.06
2018-04-03,897.1
2018-04-04,896.39
2018-04-05,907.82
2018-04-06,898.46
2018-04-09,900.37
2018-04-10,900.89
2018-04-11,899.57
2018-04-12,900.23
2018-04-13,899.99
2018-04-16,901.87
2018-04-17,904.19
2018-04-18,914.67
2018-04-19,909.47
2018-04-20,911.68
2018-04-23,916.49
2018-04-24,911.51
2018-04-25,915.07
2018-04-26,923.48
2018-04-27,925.87
2018-04-30,921.43
2018-05-01,922.58
2018-05-02,922.76
2018-05-03,922.48
2018-05-04,929.73
2018-05-07,934.84
2018-05-08,937.48
2018-05-09,942.22
2018-05-10,944.7
2018-05-11,947.69
2018-05-14,954.67
2018-05-15,955.55
2018-05-16,956.42
2018-05-17,957.94
2018-05-18,957.85
2018-05-22,956.67
2018-05-23,955.62
2018-05-24,954.06
2018-05-25,952.05
2018-05-28,948.45
2018-05-29,941.8
2018-05-30,949.07
2018-05-31,950.45
2018-06-01,948.6
2018-06-04,948.89
2018-06-05,952.13
2018-06-06,955.86
2018-06-07,956.31
2018-06-08,957.39
2018-06-11,962.25
2018-06-12,962.57
2018-06-13,962.13
2018-06-14,965.82
2018-06-15,964.45
2018-06-18,967.96
2018-06-19,963.39
2018-06-20,970.62
2018-06-21,965.71
2018-06-22,973.88
2018-06-25,957.71
2018-06-26,964.76
2018-06-27,962.17
2018-06-28,958.85
2018-06-29,965.32
2018-07-03,962.5
2018-07-04,964.53
2018-07-05,962.48
2018-07-06,969.63
2018-07-09,974.58
2018-07-10,981.25
2018-07-11,973.65
2018-07-12,983.44
2018-07-13,983.33
2018-07-16,979.68
2018-07-17,980.48
2018-07-18,977.6
2018-07-19,982.78
2018-07-20,976.45
2018-07-23,975.41
2018-07-24,974.47
2018-07-25,975.71
2018-07-26,977.84
2018-07-27,974.92
2018-07-30,973.6
2018-07-31,979.38
2018-08-01,974.63
2018-08-02,976.42
2018-08-03,976.49
2018-08-07,969.05
2018-08-08,971.11
2018-08-09,978.28
2018-08-10,971.63
2018-08-13,968.61
2018-08-14,974.75
2018-08-15,962.23
2018-08-16,967.71
2018-08-17,973.98
2018-08-20,972.96
2018-08-21,969.14
2018-08-22,971.79
2018-08-23,971.34
2018-08-24,971.53
2018-08-27,976.18
2018-08-28,971.34
2018-08-29,973.23
2018-08-30,973.51
2018-08-31,965.73
2018-09-04,960.07
2018-09-05,960.69
2018-09-06,958.53
2018-09-07,956.49
2018-09-10,953.82
2018-09-11,954.75
2018-09-12,949.88
2018-09-13,948.52
2018-09-14,948.84
2018-09-17,953.38
2018-09-18,960.14
2018-09-19,957.42
2018-09-20,960.95
2018-09-21,962.34
2018-09-24,960.01
2018-09-25,956.61
2018-09-26,958.91
2018-09-27,962.73
2018-09-28,952.28
2018-10-01,954.9
2018-10-02,950.04
2018-10-03,952.75
2018-10-04,951.02
2018-10-05,947.21
2018-10-09,941.62
2018-10-10,920.53
2018-10-11,906.8
2018-10-12,911.24
2018-10-15,909.61
2018-10-16,920.38
2018-10-17,919.31
2018-10-18,911.88
2018-10-19,917.64
2018-10-22,914.89
2018-10-23,907.62
2018-10-24,885.69
2018-10-25,885.95
2018-10-26,883.76
2018-10-29,876.61
2018-10-30,888.89
2018-10-31,895.08
2018-11-01,901.32
2018-11-02,900.7
2018-11-05,905.57
2018-11-06,910.26
2018-11-07,914.51
2018-11-08,916.33
2018-11-09,912.79
2018-11-12,906.47
2018-11-13,906.54
2018-11-14,906.98
2018-11-15,907.59
2018-11-16,907.57
2018-11-19,904.35
2018-11-20,891.96
2018-11-21,905.81
2018-11-22,904.77
2018-11-23,899.8
2018-11-26,901.69
2018-11-27,898.81
2018-11-28,912.16
2018-11-29,914.36
2018-11-30,913.29
2018-12-03,917.81
2018-12-04,906.22
2018-12-05,916.25
2018-12-06,897.76
2018-12-07,888.02
2018-12-10,885.25
2018-12-11,880.26
2018-12-12,887.89
2018-12-13,886.44
2018-12-14,878.92
2018-12-17,866.04
2018-12-18,868.09
2018-12-19,859.25
2018-12-20,851.22
2018-12-21,838.45
2018-12-24,828.1
2018-12-27,852.72
2018-12-28,854.87
2018-12-31,859.32
2019-01-02,859.8
2019-01-03,851.45
2019-01-04,864.44
2019-01-07,868.55
2019-01-08,874.42
2019-01-09,885.91
2019-01-10,891.72
2019-01-11,893.39
2019-01-14,895.14
2019-01-15,900.21
2019-01-16,903.91
2019-01-17,911.39
2019-01-18,917.93
2019-01-21,921.65
2019-01-22,914.16
2019-01-23,912.36
2019-01-24,916.29
2019-01-25,919.8
2019-01-28,920.27
2019-01-29,926.77
2019-01-30,926.77
2019-01-31,929.25
2019-02-01,926.22
2019-02-04,932.02
2019-02-05,937.82
2019-02-06,938.07
2019-02-07,937.61
2019-02-08,932.98
2019-02-11,929.15
2019-02-12,933.15
2019-02-13,931.61
2019-02-14,936.04
2019-02-15,944.88
2019-02-19,950.34
2019-02-20,957.06
2019-02-21,955.18
2019-02-22,954.93
2019-02-25,957.49
2019-02-26,957.44
2019-02-27,959.33
2019-02-28,953.91
2019-03-01,958.23
2019-03-04,956.3
2019-03-05,959.09
2019-03-06,960.51
2019-03-07,958.69
2019-03-08,954.25
2019-03-11,960.45
2019-03-12,962.13
2019-03-13,962.71
2019-03-14,959.68
2019-03-15,963.37
2019-03-18,970.27
2019-03-19,965.74
2019-03-20,963.27
2019-03-21,967.26
2019-03-22,958.21
2019-03-25,956.26
2019-03-26,961.89
2019-03-27,960.9
2019-03-28,963.84
2019-03-29,959.5
2019-04-01,967.69
2019-04-02,970.43
2019-04-03,971.66
2019-04-04,973.45
2019-04-05,978.21
2019-04-08,978.82
2019-04-09,974.43
2019-04-10,977.48
2019-04-11,979.13
2019-04-12,984.66
2019-04-15,987.92
2019-04-16,988.51
2019-04-17,990.61
2019-04-18,995.29
2019-04-22,993.16
2019-04-23,999.97
2019-04-24,993.71
2019-04-25,993.71
2019-04-26,995.88
2019-04-29,995.73
2019-04-30,994.53
2019-05-01,990.49
2019-05-02,986.02
2019-05-03,991.58
2019-05-06,991.44
2019-05-07,983.3
2019-05-08,985.67
2019-05-09,979.94
2019-05-10,978.05
2019-05-13,969.92
2019-05-14,974.85
2019-05-15,977.28
2019-05-16,985.52
2019-05-17,982.76
2019-05-21,984.35
2019-05-22,978.7
2019-05-23,969.43
2019-05-24,973.6
2019-05-27,980.6
2019-05-28,978.08
2019-05-29,968.29
2019-05-30,965.62
2019-05-31,961.89
2019-06-03,959.59
2019-06-04,968.48
2019-06-05,972.5
2019-06-06,973.09
2019-06-07,973.47
2019-06-10,972.46
2019-06-11,974.13
2019-06-12,972.9
2019-06-13,972.55
2019-06-14,976.82
2019-06-17,979.17
2019-06-18,988.16
2019-06-19,988.79
2019-06-20,992.05
2019-06-21,988.75
2019-06-24,988.24
2019-06-25,978.66
2019-06-26,974.89
2019-06-27,975.06
2019-06-28,979.6
2019-07-02,985.45
2019-07-03,992.46
2019-07-04,992.84
2019-07-05,989.73
2019-07-08,985.05
2019-07-09,991.27
2019-07-10,990.76
2019-07-11,989.48
2019-07-12,986.02
2019-07-15,986.66
2019-07-16,986.62
2019-07-17,984.45
2019-07-18,985.07
2019-07-19,984.15
2019-07-22,986.83
2019-07-23,990.28
2019-07-24,992.12
2019-07-25,984.85
2019-07-26,987.67
2019-07-29,984.88
2019-07-30,982.35
2019-07-31,979.73
2019-08-01,976.79
2019-08-02,969.49
2019-08-06,961.31
2019-08-07,969.46
2019-08-08,977.76
2019-08-09,974.34
2019-08-12,968.61
2019-08-13,976.59
2019-08-14,957.56
2019-08-15,955.84
2019-08-16,965.02
2019-08-19,974.3
2019-08-20,967.18
2019-08-21,973.95
2019-08-22,971.09
2019-08-23,956.68
2019-08-26,961.86
2019-08-27,966.07
2019-08-28,970.82
2019-08-29,979.2
2019-08-30,982.45
2019-09-03,979.11
2019-09-04,981.23
2019-09-05,990.35
2019-09-06,987.99
2019-09-09,985.16
2019-09-10,988.09
2019-09-11,992.96
2019-09-12,996.14
2019-09-13,998.54
2019-09-16,1001.88
2019-09-17,1006.85
2019-09-18,1005.77
2019-09-19,1009.36
2019-09-20,1011.25
2019-09-23,1008.12
2019-09-24,1003.77
2019-09-25,1003.58
2019-09-26,1004.1
2019-09-27,999.15
2019-09-30,997.93
2019-10-01,985.03
2019-10-02,975.34
2019-10-03,978.16
2019-10-04,983.06
2019-10-07,981.34
2019-10-08,972.82
2019-10-09,979.34
2019-10-10,982.49
2019-10-11,982.65
2019-10-15,983.45
2019-10-16,983.98
2019-10-17,982.75
2019-10-18,980.04
2019-10-21,982.93
2019-10-22,981.11
2019-10-23,976.96
2019-10-24,979.32
2019-10-25,981.54
2019-10-28,981.39
2019-10-29,983.07
2019-10-30,989.12
2019-10-31,986.33
2019-11-01,992.95
2019-11-04,997.56
2019-11-05,998.31
2019-11-06,1001.56
2019-11-07,1005.61
2019-11-08,1010.54
2019-11-11,1011.04
2019-11-12,1012.97
2019-11-13,1016.03
2019-11-14,1015.68
2019-11-15,1019.86
2019-11-18,1019.47
2019-11-19,1019.05
2019-11-20,1017.79
2019-11-21,1017.57
2019-11-22,1014.48
2019-11-25,1019.3
2019-11-26,1019.15
2019-11-27,1022.95
2019-11-28,1023.67
2019-11-29,1018.62
2019-12-02,1015.14
2019-12-03,1008.96
2019-12-04,1009
2019-12-05,1004.87
2019-12-06,1015.09
2019-12-09,1011.42
2019-12-10,1011.4
2019-12-11,1011.37
2019-12-12,1012.93
2019-12-13,1015.49
2019-12-16,1017.96
2019-12-17,1018.78
2019-12-18,1015.58
2019-12-19,1017.27
2019-12-20,1021.01
2019-12-23,1020.33
2019-12-24,1022.77
2019-12-27,1022.01
2019-12-30,1017.07
2019-12-31,1014.92
2020-01-02,1018.24
2020-01-03,1015.65
2020-01-06,1018.26
2020-01-07,1021.3
2020-01-08,1022.96
2020-01-09,1026.72
2020-01-10,1025.66
2020-01-13,1030.12
2020-01-14,1033.48
2020-01-15,1037.11
2020-01-16,1041.37
2020-01-17,1046.06
2020-01-20,1048.5
2020-01-21,1047.14
2020-01-22,1049.41
2020-01-23,1051.69
2020-01-24,1047.97
2020-01-27,1041.19
2020-01-28,1045.14
2020-01-29,1044.82
2020-01-30,1044.44
2020-01-31,1032.97
2020-02-03,1036
2020-02-04,1045.18
2020-02-05,1052.46
2020-02-06,1058.65
2020-02-07,1053.03
2020-02-10,1058.92
2020-02-11,1060.47
2020-02-12,1064.59
2020-02-13,1063.57
2020-02-14,1064.88
2020-02-18,1064.28
2020-02-19,1068.28
2020-02-20,1069.29
2020-02-21,1062.86
2020-02-24,1046.04
2020-02-25,1023.72
2020-02-26,1016.17
2020-02-27,997.73
2020-02-28,972.15
2020-03-02,988.97
2020-03-03,979.43
2020-03-04,1001.16
2020-03-05,987.4
2020-03-06,965.55
2020-03-09,863.33
2020-03-10,893.62
2020-03-11,854.67
2020-03-12,747.75
2020-03-13,828.77
2020-03-16,745.79
2020-03-17,767.52
2020-03-18,714.74
2020-03-19,742.03
2020-03-20,721.98
2020-03-23,687.27
2020-03-24,772.42
2020-03-25,802.55
2020-03-26,816.23
2020-03-27,772.12
2020-03-30,798.6
2020-03-31,819.89
2020-04-01,787.95
2020-04-02,800.81
2020-04-03,792.2
2020-04-06,831.47
2020-04-07,830.58
2020-04-08,846.79
2020-04-09,859.44
2020-04-13,853.35
2020-04-14,864.47
2020-04-15,847.02
2020-04-16,842.76
2020-04-17,871.85
2020-04-20,871.98
2020-04-21,844.63
2020-04-22,865.91
2020-04-23,861.97
2020-04-24,873.14
2020-04-27,884.53
2020-04-28,894.17
2020-04-29,920.28
2020-04-30,891.63
2020-05-01,882.65
2020-05-04,893.1
2020-05-05,896.99
2020-05-06,898.73
2020-05-07,897.5
2020-05-08,905.55
2020-05-11,916.89
2020-05-12,904.1
2020-05-13,882.04
2020-05-14,881.22
2020-05-15,886.85
2020-05-19,899.03
2020-05-20,906.09
2020-05-21,898.39
2020-05-22,900.53
2020-05-25,910.8
2020-05-26,915.67
2020-05-27,924.65
2020-05-28,923.16
2020-05-29,917.17
2020-06-01,919.77
2020-06-02,931.7
2020-06-03,941.72
2020-06-04,936.71
2020-06-05,956.81
2020-06-08,961.68
2020-06-09,954.25
2020-06-10,946.07
2020-06-11,908.66
2020-06-12,920.06
2020-06-15,925.96
2020-06-16,936
2020-06-17,930.87
2020-06-18,934.92
2020-06-19,933.38
2020-06-22,935.25
2020-06-23,937.54
2020-06-24,921.79
2020-06-25,932.27
2020-06-26,915.65
2020-06-29,928.6
2020-06-30,934.21
2020-07-02,940.86
2020-07-03,939.35
2020-07-06,942.24
2020-07-07,937.72
2020-07-08,939.19
2020-07-09,935.68
2020-07-10,945.35
2020-07-13,941.72
2020-07-14,958.31
2020-07-15,966.01
2020-07-16,964.87
2020-07-17,970.07
2020-07-20,973.04
2020-07-21,971.5
2020-07-22,970.92
2020-07-23,961.57
2020-07-24,960.06
2020-07-27,969.04
2020-07-28,965.65
2020-07-29,977.15
2020-07-30,978.31
2020-07-31,968.67
2020-08-04,980.88
2020-08-05,988.62
2020-08-06,992.83
2020-08-07,991.1
2020-08-10,995.1
2020-08-11,991.09
2020-08-12,995.48
2020-08-13,990.98
2020-08-14,990.34
2020-08-17,998.16
2020-08-18,996.5
2020-08-19,994.06
2020-08-20,995.77
2020-08-21,990.99
2020-08-24,997.79
2020-08-25,998.34
2020-08-26,1009.3
2020-08-27,1005.78
2020-08-28,1002.28
2020-08-31,990.52
2020-09-01,998.29
2020-09-02,1002.17
2020-09-03,987.07
2020-09-04,972.5
2020-09-08,965.57
2020-09-09,983.24
2020-09-10,970.76
2020-09-11,973.83
2020-09-14,980.14
2020-09-15,983.64
2020-09-16,973.79
2020-09-17,970.37
2020-09-18,968.21
2020-09-21,957.71
2020-09-22,967.76
2020-09-23,950.82
2020-09-24,956.22
2020-09-25,966.18
2020-09-28,976.6
2020-09-29,973.77
2020-09-30,967.27
2020-10-01,969.49
2020-10-02,971.32
2020-10-05,983.4
2020-10-06,973.01
2020-10-07,985.81
2020-10-08,991.28
2020-10-09,990.95
2020-10-13,987.83
2020-10-14,983.99
2020-10-15,986.63
2020-10-16,982.67
2020-10-19,972.22
2020-10-20,971.53
2020-10-21,966.63
2020-10-22,970.52
2020-10-23,972.54
2020-10-26,959.91
2020-10-27,954.81
2020-10-28,930.9
2020-10-29,934.83
2020-10-30,928.9
2020-11-02,933.66
2020-11-03,948.2
2020-11-04,952.3
2020-11-05,968.52
2020-11-06,966.87
2020-11-09,980.43
2020-11-10,993.26
2020-11-11,1003.13
2020-11-12,990.52
2020-11-13,994.82
2020-11-16,1007.86
2020-11-17,1012.28
2020-11-18,1009.38
2020-11-19,1010.61
2020-11-20,1016.7
2020-11-23,1021.89
2020-11-24,1033.31
2020-11-25,1034.6
2020-11-26,1035.96
2020-11-27,1038.07
2020-11-30,1023.52
2020-12-01,1029.96
2020-12-02,1034.43
2020-12-03,1035.48
2020-12-04,1042.38
2020-12-07,1046.74
2020-12-08,1050.99
2020-12-09,1048.13
2020-12-10,1049.35
2020-12-11,1046.51
2020-12-14,1035.91
2020-12-15,1041.56
2020-12-16,1046.68
2020-12-17,1050.71
2020-12-18,1044.94
2020-12-21,1042.4
2020-12-22,1046.36
2020-12-23,1047.25
2020-12-24,1048.98
2020-12-29,1043.86
2020-12-30,1041.69
2020-12-31,1034.76
2021-01-04,1039.36
2021-01-05,1048.78
2021-01-06,1058.28
2021-01-07,1070.4
2021-01-08,1072.92
2021-01-11,1067
2021-01-12,1069.98
2021-01-13,1067.15
2021-01-14,1067.62
2021-01-15,1066.74
2021-01-18,1068.04
2021-01-19,1066.73
2021-01-20,1068.94
2021-01-21,1063.01
2021-01-22,1058.57
2021-01-25,1060.79
2021-01-26,1052.18
2021-01-27,1029.47
2021-01-28,1046.82
2021-01-29,1026.6
2021-02-01,1044.68
2021-02-02,1059.25
2021-02-03,1060.75
2021-02-04,1068.98
2021-02-05,1073.65
2021-02-08,1084.4
2021-02-09,1089.65
2021-02-10,1092.53
2021-02-11,1091.04
2021-02-12,1095.14
2021-02-16,1097.48
2021-02-17,1091.68
2021-02-18,1086.72
2021-02-19,1092.87
2021-02-22,1094.24
2021-02-23,1090.58
2021-02-24,1098.86
2021-02-25,1084.27
2021-02-26,1073.42
2021-03-01,1087.89
2021-03-02,1096.58
2021-03-03,1090.22
2021-03-04,1079.69
2021-03-05,1096.72
2021-03-08,1101.5
2021-03-09,1107.82
2021-03-10,1113.61
2021-03-11,1121.45
2021-03-12,1121.71
2021-03-15,1128.08
2021-03-16,1123.74
2021-03-17,1130.83
2021-03-18,1124.56
2021-03-19,1124.15
2021-03-22,1121.45
2021-03-23,1115.77
2021-03-24,1114.68
2021-03-25,1115.42
2021-03-26,1120.51
2021-03-29,1119.87
2021-03-30,1118.86
2021-03-31,1117.15
2021-04-01,1133.01
2021-04-05,1135.31
2021-04-06,1138.25
2021-04-07,1141.5
2021-04-08,1145.19
2021-04-09,1145.49
2021-04-12,1145.77
2021-04-13,1145.02
2021-04-14,1143.56
2021-04-15,1152.02
2021-04-16,1153.58
2021-04-19,1145.18
2021-04-20,1134.03
2021-04-21,1139.72
2021-04-22,1132.47
2021-04-23,1136.4
2021-04-26,1140.45
2021-04-27,1141.14
2021-04-28,1153.39
2021-04-29,1147.95
2021-04-30,1138.85
2021-05-03,1143.26
2021-05-04,1144
2021-05-05,1152.01
2021-05-06,1150.91
2021-05-07,1161.59
2021-05-10,1155.97
2021-05-11,1151.07
2021-05-12,1143.95
2021-05-13,1147.21
2021-05-14,1160.06
2021-05-17,1166.5
2021-05-18,1168.08
2021-05-19,1162.69
2021-05-20,1170.7
2021-05-21,1169.48
2021-05-25,1172.46
2021-05-26,1183.65
2021-05-27,1184.36
2021-05-28,1189.6
2021-05-31,1180.14
2021-06-01,1196.46
2021-06-02,1194.77
2021-06-03,1193.37
2021-06-04,1199.19
2021-06-07,1199.33
2021-06-08,1200.12
2021-06-09,1195.15
2021-06-10,1197.19
2021-06-11,1202.83
2021-06-14,1205.45
2021-06-15,1212.02
2021-06-16,1212.95
2021-06-17,1209.85
2021-06-18,1201.65
2021-06-21,1210.23
2021-06-22,1211.62
2021-06-23,1208.65
2021-06-24,1211.67
2021-06-25,1213.5
2021-06-28,1208.12
2021-06-29,1210.22
2021-06-30,1209.15
2021-07-02,1212.38
2021-07-05,1215.5
2021-07-06,1217.8
2021-07-07,1218.67
2021-07-08,1202.82
2021-07-09,1214.79
2021-07-12,1214.29
2021-07-13,1217.9
2021-07-14,1209.62
2021-07-15,1213.2
2021-07-16,1202.43
2021-07-19,1187.59
2021-07-20,1199.32
2021-07-21,1207.89
2021-07-22,1207.95
2021-07-23,1214.11
2021-07-26,1211.01
2021-07-27,1211.98
2021-07-28,1213.79
2021-07-29,1218.49
2021-07-30,1216.51
2021-08-03,1222.7
2021-08-04,1221.3
2021-08-05,1223.68
2021-08-06,1231.5
2021-08-09,1230.1
2021-08-10,1233.37
2021-08-11,1235.57
2021-08-12,1233.55
2021-08-13,1233.09
2021-08-16,1231.7
2021-08-17,1225.72
2021-08-18,1221.68
2021-08-19,1217.52
2021-08-20,1224.43
2021-08-23,1230.37
2021-08-24,1233.6
2021-08-25,1236.3
2021-08-26,1229.63
2021-08-27,1236.87
2021-08-30,1233.55
2021-08-31,1231.33
2021-09-01,1238.11
2021-09-02,1244.94
2021-09-03,1245.66
2021-09-07,1245.92
2021-09-08,1242.59
2021-09-09,1239.63
2021-09-10,1234.46
2021-09-13,1236.52
2021-09-14,1228.46
2021-09-15,1237.06
2021-09-16,1231.76
2021-09-17,1224.44
2021-09-20,1205.22
2021-09-21,1211.14
2021-09-22,1220.32
2021-09-23,1224.77
2021-09-24,1221.73
2021-09-27,1225.97
2021-09-28,1209
2021-09-29,1209.6
2021-09-30,1203.34
2021-10-01,1208.44
2021-10-04,1203.84
2021-10-05,1211.39
2021-10-06,1213.09
2021-10-07,1225.42
2021-10-08,1226.76
2021-10-12,1226.31
2021-10-13,1235.85
2021-10-14,1247.86
2021-10-15,1256.43
2021-10-18,1261.31
2021-10-19,1266.31
2021-10-20,1272.92
2021-10-21,1274.33
2021-10-22,1274.54
2021-10-25,1277.24
2021-10-26,1270.9
2021-10-27,1258.5
2021-10-28,1274.18
2021-10-29,1265.19
2021-11-01,1277.87
2021-11-02,1273.37
2021-11-03,1278.2
2021-11-04,1285.35
2021-11-05,1290.01
2021-11-08,1294.47
2021-11-09,1297.85
2021-11-10,1290.78
2021-11-11,1296.22
2021-11-12,1309.76
2021-11-15,1304.92
2021-11-16,1307.01
2021-11-17,1303.07
2021-11-18,1304.79
2021-11-19,1300.29
2021-11-22,1292.14
2021-11-23,1296.43
2021-11-24,1302.37
2021-11-25,1306.77
2021-11-26,1277.41
2021-11-29,1278.28
2021-11-30,1248.56
2021-12-01,1239.33
